t,x2,y2,x1,y1
0.0666666666666666,927.0,789.0,664.0,690.0
0.1,927.0,789.0,664.0,689.0
0.1333333333333333,927.0,789.0,664.0,689.0
0.1666666666666666,929.0,789.0,664.0,689.0
0.2,930.0,789.0,665.0,689.0
0.2333333333333333,931.0,790.0,666.0,689.0
0.2666666666666666,931.0,789.0,666.0,689.0
0.3,932.0,790.0,666.0,689.0
0.3333333333333333,933.0,790.0,667.0,689.0
0.3666666666666666,934.0,790.0,667.0,690.0
0.4,935.0,790.0,668.0,690.0
0.4333333333333333,936.0,790.0,668.0,690.0
0.4666666666666667,937.0,790.0,669.0,690.0
0.5,938.0,790.0,669.0,690.0
0.5333333333333333,939.0,790.0,669.0,690.0
0.5666666666666667,940.0,790.0,670.0,691.0
0.6,941.0,790.0,670.0,691.0
0.6333333333333333,942.0,790.0,671.0,691.0
0.6666666666666666,943.0,790.0,671.0,691.0
0.7,944.0,791.0,671.0,691.0
0.7333333333333333,946.0,790.0,672.0,690.0
0.7666666666666667,947.0,791.0,672.0,690.0
0.8,948.0,790.0,673.0,691.0
0.8333333333333334,949.0,790.0,673.0,691.0
0.8666666666666667,950.0,790.0,673.0,691.0
0.9,952.0,790.0,673.0,691.0
0.9333333333333332,953.0,790.0,673.0,691.0
0.9666666666666668,954.0,789.0,674.0,692.0
1.0,955.0,790.0,674.0,692.0
1.0333333333333334,956.0,790.0,674.0,692.0
1.0666666666666669,957.0,790.0,674.0,692.0
1.1,958.0,790.0,675.0,692.0
1.1333333333333333,959.0,790.0,674.0,692.0
1.1666666666666667,960.0,789.0,674.0,692.0
1.2,961.0,790.0,675.0,692.0
1.2333333333333334,962.0,789.0,675.0,693.0
1.2666666666666666,963.0,788.0,674.0,693.0
1.3,964.0,789.0,674.0,693.0
1.3333333333333333,966.0,790.0,675.0,693.0
1.3666666666666667,967.0,790.0,675.0,692.0
1.4,968.0,789.0,674.0,693.0
1.4333333333333331,969.0,788.0,674.0,693.0
1.4666666666666666,970.0,789.0,674.0,693.0
1.5,971.0,789.0,675.0,693.0
1.5333333333333334,972.0,789.0,675.0,693.0
1.5666666666666669,973.0,789.0,675.0,693.0
1.6,975.0,789.0,675.0,693.0
1.6333333333333333,976.0,789.0,675.0,693.0
1.6666666666666667,977.0,789.0,674.0,693.0
1.7,978.0,789.0,674.0,693.0
1.7333333333333334,979.0,788.0,674.0,693.0
1.7666666666666666,980.0,788.0,675.0,693.0
1.8,981.0,788.0,675.0,693.0
1.8333333333333333,982.0,788.0,675.0,693.0
1.8666666666666667,983.0,788.0,675.0,693.0
1.9,984.0,788.0,676.0,694.0
1.9333333333333331,985.0,787.0,676.0,694.0
1.9666666666666663,986.0,787.0,676.0,694.0
2.0,987.0,786.0,676.0,694.0
2.033333333333333,988.0,786.0,675.0,694.0
2.066666666666667,989.0,786.0,676.0,694.0
2.1,990.0,785.0,676.0,694.0
2.1333333333333333,991.0,785.0,675.0,694.0
2.1666666666666665,992.0,785.0,675.0,694.0
2.2,994.0,786.0,675.0,694.0
2.2333333333333334,995.0,785.0,675.0,694.0
2.2666666666666666,996.0,785.0,675.0,695.0
2.3,996.0,783.0,674.0,695.0
2.333333333333333,998.0,785.0,674.0,695.0
2.3666666666666667,999.0,784.0,674.0,695.0
2.4,1000.0,784.0,673.0,695.0
2.433333333333333,1001.0,784.0,673.0,695.0
2.466666666666667,1002.0,783.0,673.0,695.0
2.5,1003.0,784.0,673.0,695.0
2.533333333333333,1004.0,783.0,673.0,695.0
2.566666666666667,1005.0,783.0,673.0,695.0
2.6,1006.0,783.0,673.0,695.0
2.6333333333333333,1007.0,782.0,673.0,695.0
2.6666666666666665,1008.0,782.0,673.0,695.0
2.7,1009.0,781.0,673.0,695.0
2.7333333333333334,1010.0,782.0,673.0,695.0
2.7666666666666666,1011.0,782.0,673.0,695.0
2.8,1012.0,782.0,673.0,695.0
2.833333333333333,1013.0,781.0,672.0,695.0
2.8666666666666667,1014.0,781.0,672.0,695.0
2.9,1015.0,780.0,671.0,696.0
2.933333333333333,1016.0,781.0,671.0,696.0
2.966666666666667,1017.0,780.0,671.0,696.0
3.0,1018.0,780.0,670.0,696.0
3.033333333333333,1019.0,780.0,669.0,695.0
3.066666666666667,1020.0,780.0,669.0,695.0
3.1,1021.0,780.0,668.0,695.0
3.1333333333333333,1022.0,779.0,667.0,695.0
3.1666666666666665,1023.0,779.0,667.0,695.0
3.2,1024.0,779.0,666.0,695.0
3.2333333333333334,1025.0,779.0,666.0,695.0
3.2666666666666666,1026.0,779.0,666.0,696.0
3.3,1027.0,779.0,666.0,695.0
3.333333333333333,1028.0,778.0,666.0,695.0
3.3666666666666667,1029.0,778.0,665.0,696.0
3.4,1030.0,778.0,665.0,695.0
3.433333333333333,1031.0,778.0,665.0,695.0
3.466666666666667,1032.0,778.0,665.0,695.0
3.5,1033.0,778.0,664.0,695.0
3.533333333333333,1034.0,776.0,664.0,695.0
3.566666666666667,1036.0,777.0,664.0,695.0
3.6,1037.0,776.0,664.0,695.0
3.633333333333333,1038.0,776.0,664.0,695.0
3.6666666666666665,1039.0,776.0,663.0,695.0
3.7,1040.0,776.0,663.0,695.0
3.733333333333333,1041.0,774.0,663.0,695.0
3.7666666666666666,1042.0,774.0,663.0,695.0
3.8,1043.0,774.0,663.0,695.0
3.8333333333333335,1044.0,774.0,662.0,695.0
3.8666666666666663,1045.0,774.0,662.0,694.0
3.9,1047.0,774.0,662.0,694.0
3.933333333333333,1048.0,774.0,662.0,694.0
3.966666666666667,1049.0,773.0,661.0,695.0
4.0,1050.0,773.0,661.0,694.0
4.033333333333333,1051.0,773.0,660.0,694.0
4.066666666666666,1052.0,772.0,660.0,694.0
4.1,1053.0,772.0,660.0,694.0
4.133333333333334,1054.0,772.0,660.0,694.0
4.166666666666667,1055.0,772.0,659.0,694.0
4.2,1057.0,771.0,659.0,694.0
4.233333333333333,1058.0,771.0,659.0,694.0
4.266666666666667,1059.0,771.0,659.0,694.0
4.3,1060.0,771.0,658.0,694.0
4.333333333333333,1061.0,770.0,658.0,694.0
4.366666666666666,1062.0,770.0,658.0,694.0
4.4,1063.0,770.0,657.0,694.0
4.433333333333334,1064.0,769.0,657.0,694.0
4.466666666666667,1065.0,769.0,657.0,694.0
4.5,1066.0,768.0,656.0,694.0
4.533333333333333,1067.0,768.0,656.0,694.0
4.566666666666666,1067.0,768.0,655.0,694.0
4.6,1068.0,768.0,655.0,694.0
4.633333333333334,1069.0,767.0,655.0,694.0
4.666666666666667,1069.0,767.0,655.0,694.0
4.7,1070.0,767.0,655.0,694.0
4.733333333333333,1071.0,766.0,655.0,694.0
4.766666666666667,1071.0,766.0,655.0,694.0
4.8,1072.0,765.0,655.0,694.0
4.833333333333333,1072.0,765.0,655.0,694.0
4.866666666666666,1073.0,765.0,654.0,694.0
4.9,1074.0,765.0,654.0,694.0
4.933333333333334,1074.0,765.0,654.0,694.0
4.966666666666667,1075.0,765.0,654.0,694.0
5.0,1075.0,764.0,654.0,694.0
5.033333333333333,1075.0,764.0,653.0,694.0
5.066666666666666,1076.0,764.0,653.0,694.0
5.1,1077.0,763.0,653.0,694.0
5.133333333333334,1077.0,764.0,653.0,694.0
5.166666666666667,1078.0,763.0,653.0,694.0
5.2,1078.0,763.0,653.0,694.0
5.233333333333333,1079.0,763.0,653.0,693.0
5.266666666666667,1079.0,762.0,652.0,693.0
5.3,1080.0,762.0,652.0,693.0
5.333333333333333,1080.0,762.0,652.0,693.0
5.366666666666666,1081.0,761.0,651.0,693.0
5.4,1081.0,761.0,651.0,693.0
5.433333333333334,1082.0,761.0,651.0,693.0
5.466666666666667,1082.0,760.0,651.0,693.0
5.5,1082.0,760.0,651.0,693.0
5.533333333333333,1083.0,760.0,650.0,693.0
5.566666666666666,1083.0,760.0,650.0,693.0
5.6,1083.0,759.0,650.0,693.0
5.633333333333334,1084.0,759.0,649.0,693.0
5.666666666666667,1084.0,759.0,649.0,693.0
5.7,1084.0,758.0,649.0,693.0
5.733333333333333,1085.0,758.0,649.0,693.0
5.766666666666667,1085.0,757.0,648.0,692.0
5.8,1085.0,758.0,648.0,692.0
5.833333333333333,1085.0,757.0,648.0,692.0
5.866666666666666,1085.0,757.0,648.0,692.0
5.9,1073.0,754.0,647.0,692.0
5.933333333333334,1073.0,754.0,647.0,692.0
5.966666666666667,1073.0,754.0,647.0,692.0
6.0,1073.0,753.0,646.0,691.0
6.033333333333333,1074.0,754.0,646.0,691.0
6.066666666666666,1074.0,754.0,646.0,691.0
6.1,1074.0,753.0,645.0,691.0
6.133333333333334,1074.0,753.0,645.0,690.0
6.166666666666667,1074.0,753.0,645.0,690.0
6.2,1074.0,753.0,645.0,690.0
6.233333333333333,1074.0,752.0,644.0,690.0
6.266666666666667,1074.0,752.0,644.0,690.0
6.3,1074.0,752.0,644.0,690.0
6.333333333333333,1074.0,752.0,644.0,690.0
6.366666666666666,1074.0,752.0,644.0,689.0
6.4,1074.0,751.0,644.0,689.0
6.433333333333334,1074.0,751.0,643.0,689.0
6.466666666666667,1075.0,751.0,643.0,689.0
6.5,1075.0,751.0,643.0,689.0
6.533333333333333,1075.0,751.0,643.0,689.0
6.566666666666666,1075.0,751.0,642.0,688.0
6.6,1075.0,751.0,642.0,688.0
6.633333333333334,1075.0,751.0,642.0,688.0
6.666666666666667,1075.0,750.0,641.0,688.0
6.7,1075.0,750.0,641.0,688.0
6.733333333333333,1075.0,750.0,641.0,688.0
6.766666666666667,1075.0,750.0,642.0,688.0
6.8,1076.0,751.0,642.0,688.0
6.833333333333333,1075.0,750.0,642.0,688.0
6.866666666666666,1075.0,749.0,642.0,688.0
6.9,1075.0,749.0,641.0,687.0
6.933333333333334,1075.0,749.0,641.0,687.0
6.966666666666667,1075.0,749.0,641.0,687.0
7.0,1076.0,749.0,641.0,687.0
7.033333333333333,1075.0,749.0,641.0,687.0
7.066666666666666,1075.0,748.0,641.0,687.0
7.1,1075.0,748.0,641.0,686.0
7.133333333333334,1075.0,748.0,641.0,686.0
7.166666666666667,1075.0,748.0,641.0,686.0
7.2,1075.0,748.0,641.0,686.0
7.233333333333333,1076.0,748.0,641.0,686.0
7.266666666666667,1076.0,748.0,641.0,686.0
7.3,1076.0,748.0,641.0,686.0
7.333333333333333,1076.0,748.0,641.0,685.0
7.366666666666666,1076.0,748.0,640.0,685.0
7.4,1075.0,748.0,640.0,685.0
7.433333333333334,1075.0,747.0,640.0,685.0
7.466666666666667,1075.0,747.0,639.0,685.0
7.5,1075.0,747.0,638.0,685.0
7.533333333333333,1075.0,747.0,637.0,684.0
7.566666666666666,1075.0,747.0,651.0,684.0
7.6,1075.0,746.0,650.0,682.0
7.633333333333334,1075.0,747.0,650.0,681.0
7.666666666666667,1075.0,747.0,650.0,681.0
7.7,1075.0,746.0,650.0,681.0
7.733333333333333,1075.0,746.0,651.0,682.0
7.766666666666667,1075.0,747.0,651.0,681.0
7.8,1074.0,746.0,637.0,689.0
7.833333333333333,1074.0,746.0,637.0,689.0
7.866666666666666,1074.0,746.0,636.0,689.0
7.9,1074.0,746.0,634.0,689.0
7.933333333333334,1074.0,746.0,630.0,691.0
7.966666666666667,1074.0,746.0,629.0,691.0
8.0,1074.0,746.0,629.0,692.0
8.033333333333333,1074.0,746.0,628.0,695.0
8.066666666666666,1074.0,746.0,625.0,689.0
8.1,1074.0,745.0,625.0,689.0
8.133333333333333,1074.0,746.0,625.0,689.0
8.166666666666666,1074.0,746.0,624.0,688.0
8.2,1075.0,746.0,623.0,688.0
8.233333333333333,1074.0,746.0,623.0,688.0
8.266666666666667,1074.0,746.0,622.0,688.0
8.3,1074.0,746.0,622.0,688.0
8.333333333333334,1074.0,746.0,622.0,688.0
8.366666666666667,1074.0,746.0,621.0,688.0
8.4,1074.0,746.0,621.0,687.0
8.433333333333334,1074.0,746.0,620.0,687.0
8.466666666666667,1074.0,746.0,620.0,687.0
8.5,1075.0,746.0,619.0,687.0
8.533333333333333,1074.0,745.0,619.0,686.0
8.566666666666666,1074.0,745.0,619.0,686.0
8.6,1074.0,745.0,618.0,685.0
8.633333333333333,1074.0,745.0,618.0,685.0
8.666666666666666,1074.0,745.0,617.0,685.0
8.7,1074.0,745.0,617.0,684.0
8.733333333333333,1074.0,745.0,616.0,684.0
8.766666666666667,1074.0,745.0,616.0,684.0
8.8,1074.0,745.0,616.0,683.0
8.833333333333334,1074.0,745.0,615.0,683.0
8.866666666666667,1074.0,745.0,615.0,683.0
8.9,1074.0,745.0,615.0,683.0
8.933333333333334,1074.0,745.0,615.0,683.0
8.966666666666667,1074.0,745.0,615.0,683.0
9.0,1074.0,745.0,615.0,683.0
9.033333333333331,1074.0,745.0,615.0,683.0
9.066666666666666,1074.0,745.0,615.0,683.0
9.1,1074.0,745.0,615.0,683.0
9.133333333333333,1074.0,745.0,615.0,683.0
9.166666666666666,1074.0,745.0,615.0,683.0
9.2,1074.0,745.0,615.0,683.0
9.233333333333333,1075.0,745.0,615.0,683.0
9.266666666666667,1075.0,745.0,616.0,683.0
9.3,1075.0,745.0,615.0,683.0
9.333333333333334,1075.0,744.0,616.0,683.0
9.366666666666667,1075.0,744.0,616.0,683.0
9.4,1075.0,744.0,617.0,683.0
9.433333333333334,1075.0,744.0,617.0,683.0
9.466666666666669,1075.0,744.0,617.0,683.0
9.5,1075.0,744.0,617.0,683.0
9.533333333333331,1075.0,744.0,617.0,683.0
9.566666666666666,1075.0,744.0,617.0,683.0
9.6,1075.0,744.0,617.0,683.0
9.633333333333333,1075.0,744.0,617.0,683.0
9.666666666666666,1075.0,744.0,617.0,683.0
9.7,1075.0,745.0,617.0,683.0
9.733333333333333,1075.0,744.0,616.0,683.0
9.766666666666667,1074.0,744.0,616.0,683.0
9.8,1075.0,744.0,616.0,683.0
9.833333333333334,1074.0,743.0,615.0,683.0
9.866666666666667,1074.0,744.0,615.0,683.0
9.9,1074.0,744.0,614.0,683.0
9.933333333333334,1074.0,744.0,614.0,683.0
9.966666666666669,1075.0,744.0,614.0,683.0
10.0,1074.0,744.0,613.0,683.0
10.033333333333331,1074.0,744.0,613.0,683.0
10.066666666666666,1074.0,744.0,613.0,683.0
10.1,1074.0,744.0,612.0,683.0
10.133333333333333,1073.0,744.0,612.0,683.0
10.166666666666666,1073.0,744.0,611.0,682.0
10.2,1073.0,744.0,611.0,683.0
10.233333333333333,1072.0,744.0,611.0,683.0
10.266666666666667,1072.0,744.0,610.0,683.0
10.3,1072.0,744.0,610.0,683.0
10.333333333333334,1072.0,744.0,610.0,683.0
10.366666666666667,1072.0,745.0,609.0,683.0
10.4,1071.0,744.0,609.0,683.0
10.433333333333334,1071.0,744.0,608.0,683.0
10.466666666666669,1071.0,744.0,608.0,683.0
10.5,1071.0,744.0,608.0,683.0
10.533333333333331,1071.0,745.0,607.0,683.0
10.566666666666666,1071.0,745.0,607.0,683.0
10.6,1071.0,745.0,607.0,683.0
10.633333333333333,1071.0,745.0,606.0,683.0
10.666666666666666,1071.0,744.0,606.0,683.0
10.7,1070.0,744.0,606.0,683.0
10.733333333333333,1070.0,744.0,605.0,683.0
10.766666666666667,1070.0,744.0,605.0,683.0
10.8,1070.0,744.0,604.0,683.0
10.833333333333334,1069.0,745.0,604.0,683.0
10.866666666666667,1069.0,745.0,604.0,683.0
10.9,1069.0,744.0,603.0,683.0
10.933333333333334,1069.0,745.0,603.0,683.0
10.966666666666669,1068.0,745.0,602.0,683.0
11.0,1068.0,745.0,602.0,683.0
11.033333333333331,1068.0,744.0,602.0,683.0
11.066666666666666,1068.0,744.0,601.0,683.0
11.1,1068.0,745.0,601.0,683.0
11.133333333333333,1067.0,745.0,601.0,683.0
11.166666666666666,1067.0,745.0,600.0,683.0
11.2,1067.0,745.0,600.0,683.0
11.233333333333333,1067.0,745.0,599.0,683.0
11.266666666666667,1066.0,744.0,599.0,683.0
11.3,1066.0,744.0,599.0,683.0
11.333333333333334,1066.0,745.0,598.0,683.0
11.366666666666667,1066.0,744.0,598.0,683.0
11.4,1066.0,744.0,598.0,683.0
11.433333333333334,1065.0,744.0,597.0,683.0
11.466666666666669,1065.0,744.0,597.0,683.0
11.5,1065.0,744.0,596.0,683.0
11.533333333333331,1065.0,744.0,596.0,683.0
11.566666666666666,1065.0,744.0,595.0,683.0
11.6,1065.0,744.0,595.0,682.0
11.633333333333333,1065.0,744.0,594.0,682.0
11.666666666666666,1065.0,745.0,593.0,681.0
11.7,1064.0,744.0,592.0,681.0
11.733333333333333,1064.0,745.0,592.0,681.0
11.766666666666667,1064.0,744.0,591.0,681.0
11.8,1064.0,745.0,591.0,681.0
11.833333333333334,1064.0,745.0,590.0,681.0
11.866666666666667,1064.0,745.0,589.0,681.0
11.9,1063.0,744.0,589.0,681.0
11.933333333333334,1063.0,745.0,588.0,682.0
11.966666666666669,1063.0,744.0,588.0,682.0
12.0,1063.0,744.0,588.0,682.0
12.033333333333331,1063.0,745.0,588.0,682.0
12.066666666666666,1063.0,745.0,587.0,682.0
12.1,1063.0,745.0,587.0,682.0
12.133333333333333,1063.0,745.0,586.0,682.0
12.166666666666666,1063.0,745.0,586.0,682.0
12.2,1062.0,745.0,585.0,681.0
12.233333333333333,1062.0,745.0,585.0,681.0
12.266666666666667,1054.0,745.0,584.0,680.0
12.3,1054.0,745.0,584.0,680.0
12.333333333333334,1054.0,745.0,583.0,680.0
12.366666666666667,1054.0,745.0,583.0,680.0
12.4,1054.0,745.0,583.0,680.0
12.433333333333334,1054.0,745.0,582.0,679.0
12.466666666666669,1054.0,746.0,581.0,679.0
12.5,1054.0,746.0,580.0,679.0
12.533333333333331,1054.0,745.0,580.0,679.0
12.566666666666666,1053.0,746.0,579.0,679.0
12.6,1053.0,746.0,579.0,679.0
12.633333333333333,1053.0,746.0,578.0,679.0
12.666666666666666,1053.0,746.0,578.0,679.0
12.7,1053.0,746.0,577.0,678.0
12.733333333333333,1053.0,746.0,576.0,678.0
12.766666666666667,1053.0,746.0,576.0,678.0
12.8,1053.0,746.0,575.0,678.0
12.833333333333334,1053.0,746.0,574.0,678.0
12.866666666666667,1053.0,747.0,574.0,678.0
12.9,1053.0,747.0,573.0,678.0
12.933333333333334,1053.0,746.0,572.0,678.0
12.966666666666669,1053.0,746.0,580.0,679.0
13.0,1053.0,746.0,579.0,679.0
13.033333333333331,1053.0,746.0,578.0,679.0
13.066666666666666,1052.0,746.0,577.0,679.0
13.1,1052.0,745.0,576.0,679.0
13.133333333333333,1053.0,747.0,576.0,679.0
13.166666666666666,1053.0,747.0,575.0,679.0
13.2,1052.0,747.0,574.0,679.0
13.233333333333333,1052.0,747.0,574.0,679.0
13.266666666666667,1052.0,747.0,573.0,679.0
13.3,1052.0,747.0,573.0,679.0
13.333333333333334,1052.0,747.0,572.0,679.0
13.366666666666667,1052.0,747.0,571.0,678.0
13.4,1052.0,747.0,570.0,678.0
13.433333333333334,1052.0,747.0,569.0,678.0
13.466666666666669,1052.0,747.0,568.0,678.0
13.5,1052.0,746.0,568.0,678.0
13.533333333333331,1052.0,746.0,567.0,678.0
13.566666666666666,1052.0,747.0,567.0,678.0
13.6,1052.0,747.0,566.0,678.0
13.633333333333333,1052.0,747.0,566.0,678.0
13.666666666666666,1052.0,747.0,565.0,678.0
13.7,1052.0,747.0,565.0,678.0
13.733333333333333,1052.0,747.0,564.0,678.0
13.766666666666667,1053.0,748.0,564.0,678.0
13.8,1053.0,747.0,563.0,678.0
13.833333333333334,1053.0,748.0,562.0,678.0
13.866666666666667,1053.0,747.0,562.0,678.0
13.9,1053.0,748.0,561.0,678.0
13.933333333333334,1053.0,748.0,560.0,678.0
13.966666666666669,1053.0,748.0,559.0,678.0
14.0,1053.0,748.0,558.0,678.0
14.033333333333331,1053.0,748.0,557.0,678.0
14.066666666666666,1053.0,747.0,556.0,678.0
14.1,1053.0,747.0,556.0,678.0
14.133333333333333,1053.0,747.0,555.0,678.0
14.166666666666666,1053.0,747.0,555.0,678.0
14.2,1053.0,748.0,554.0,678.0
14.233333333333333,1053.0,747.0,554.0,678.0
14.266666666666667,1053.0,747.0,553.0,678.0
14.3,1053.0,747.0,553.0,678.0
14.333333333333334,1053.0,747.0,552.0,678.0
14.366666666666667,1053.0,747.0,552.0,678.0
14.4,1053.0,747.0,551.0,678.0
14.433333333333334,1052.0,747.0,551.0,678.0
14.466666666666669,1052.0,747.0,550.0,678.0
14.5,1052.0,747.0,549.0,678.0
14.533333333333331,1051.0,746.0,549.0,678.0
14.566666666666666,1051.0,746.0,548.0,678.0
14.6,1051.0,746.0,548.0,678.0
14.633333333333333,1050.0,747.0,547.0,679.0
14.666666666666666,1050.0,747.0,547.0,679.0
14.7,1049.0,746.0,546.0,679.0
14.733333333333333,1048.0,747.0,546.0,678.0
14.766666666666667,1048.0,747.0,545.0,679.0
14.8,1047.0,747.0,545.0,679.0
14.833333333333334,1046.0,747.0,545.0,679.0
14.866666666666667,1045.0,746.0,544.0,679.0
14.9,1045.0,747.0,544.0,679.0
14.933333333333334,1044.0,747.0,544.0,679.0
14.966666666666669,1043.0,747.0,543.0,679.0
15.0,1043.0,747.0,543.0,679.0
15.033333333333331,1042.0,747.0,543.0,679.0
15.066666666666666,1041.0,747.0,543.0,679.0
15.1,1041.0,748.0,542.0,679.0
15.133333333333333,1040.0,748.0,542.0,679.0
15.166666666666666,1039.0,748.0,542.0,679.0
15.2,1038.0,748.0,542.0,679.0
15.233333333333333,1038.0,748.0,542.0,679.0
15.266666666666667,1037.0,749.0,541.0,679.0
15.3,1037.0,749.0,541.0,679.0
15.333333333333334,1036.0,749.0,541.0,679.0
15.366666666666667,1035.0,749.0,541.0,679.0
15.4,1034.0,750.0,541.0,679.0
15.433333333333334,1033.0,750.0,541.0,679.0
15.466666666666669,1032.0,750.0,541.0,679.0
15.5,1031.0,750.0,540.0,679.0
15.533333333333331,1030.0,750.0,540.0,678.0
15.566666666666666,1029.0,751.0,540.0,678.0
15.6,1028.0,751.0,540.0,678.0
15.633333333333333,1027.0,751.0,539.0,678.0
15.666666666666666,1027.0,751.0,539.0,678.0
15.7,1026.0,751.0,539.0,678.0
15.733333333333333,1024.0,751.0,539.0,678.0
15.766666666666667,1024.0,752.0,539.0,678.0
15.8,1023.0,752.0,538.0,677.0
15.833333333333334,1022.0,752.0,538.0,677.0
15.866666666666667,1022.0,752.0,538.0,677.0
15.9,1021.0,753.0,538.0,677.0
15.933333333333334,1020.0,753.0,538.0,677.0
15.966666666666669,1019.0,753.0,537.0,677.0
16.0,1018.0,753.0,537.0,676.0
16.033333333333335,1017.0,753.0,537.0,676.0
16.066666666666666,1017.0,754.0,537.0,676.0
16.1,1016.0,754.0,536.0,676.0
16.133333333333333,1009.0,756.0,536.0,676.0
16.166666666666668,1008.0,756.0,536.0,676.0
16.2,1007.0,756.0,536.0,675.0
16.233333333333334,1007.0,756.0,536.0,676.0
16.266666666666666,1006.0,756.0,536.0,676.0
16.3,1005.0,756.0,535.0,676.0
16.333333333333332,1005.0,757.0,535.0,676.0
16.366666666666667,1004.0,757.0,535.0,675.0
16.4,1003.0,757.0,535.0,675.0
16.433333333333334,1003.0,757.0,535.0,675.0
16.466666666666665,1002.0,757.0,535.0,675.0
16.5,1002.0,757.0,535.0,675.0
16.533333333333335,1001.0,757.0,535.0,674.0
16.566666666666666,1001.0,758.0,535.0,674.0
16.6,1001.0,758.0,535.0,674.0
16.633333333333333,1000.0,758.0,535.0,674.0
16.666666666666668,1000.0,759.0,535.0,674.0
16.7,999.0,759.0,536.0,674.0
16.733333333333334,999.0,759.0,536.0,674.0
16.766666666666666,998.0,759.0,536.0,674.0
16.8,998.0,759.0,536.0,674.0
16.833333333333332,998.0,760.0,536.0,674.0
16.866666666666667,997.0,760.0,536.0,674.0
16.9,997.0,760.0,536.0,674.0
16.933333333333334,996.0,760.0,536.0,674.0
16.966666666666665,996.0,760.0,535.0,674.0
17.0,995.0,760.0,535.0,674.0
17.033333333333335,995.0,760.0,535.0,674.0
17.066666666666666,995.0,760.0,535.0,674.0
17.1,994.0,761.0,534.0,674.0
17.133333333333333,994.0,761.0,534.0,674.0
17.166666666666668,994.0,761.0,534.0,674.0
17.2,994.0,761.0,534.0,674.0
17.233333333333334,993.0,761.0,534.0,674.0
17.266666666666666,993.0,761.0,534.0,674.0
17.3,993.0,761.0,534.0,674.0
17.333333333333332,993.0,762.0,534.0,674.0
17.366666666666667,992.0,762.0,533.0,674.0
17.4,992.0,762.0,533.0,674.0
17.433333333333334,992.0,762.0,533.0,674.0
17.466666666666665,992.0,762.0,533.0,674.0
17.5,991.0,762.0,533.0,674.0
17.533333333333335,991.0,762.0,533.0,674.0
17.566666666666666,991.0,762.0,533.0,674.0
17.6,991.0,763.0,533.0,674.0
17.633333333333333,991.0,763.0,533.0,674.0
17.666666666666668,991.0,762.0,533.0,674.0
17.7,990.0,762.0,533.0,674.0
17.733333333333334,990.0,762.0,534.0,674.0
17.766666666666666,990.0,763.0,533.0,674.0
17.8,982.0,766.0,534.0,674.0
17.833333333333332,982.0,766.0,534.0,674.0
17.866666666666667,982.0,766.0,534.0,674.0
17.9,981.0,766.0,534.0,674.0
17.933333333333334,981.0,766.0,534.0,674.0
17.966666666666665,981.0,766.0,534.0,674.0
18.0,981.0,766.0,534.0,674.0
18.03333333333333,981.0,766.0,534.0,674.0
18.066666666666663,980.0,766.0,534.0,674.0
18.1,980.0,766.0,534.0,674.0
18.133333333333333,979.0,766.0,534.0,674.0
18.166666666666668,979.0,767.0,534.0,674.0
18.2,979.0,766.0,535.0,673.0
18.23333333333333,978.0,766.0,535.0,673.0
18.266666666666666,978.0,766.0,536.0,673.0
18.3,978.0,766.0,536.0,673.0
18.33333333333333,977.0,766.0,537.0,673.0
18.366666666666667,977.0,766.0,538.0,673.0
18.4,976.0,766.0,538.0,672.0
18.433333333333334,976.0,766.0,538.0,672.0
18.466666666666665,976.0,766.0,539.0,672.0
18.5,975.0,766.0,539.0,672.0
18.53333333333333,975.0,766.0,539.0,671.0
18.566666666666663,975.0,766.0,539.0,672.0
18.6,975.0,766.0,540.0,672.0
18.633333333333333,975.0,766.0,540.0,672.0
18.666666666666668,974.0,766.0,540.0,671.0
18.7,974.0,766.0,540.0,671.0
18.73333333333333,973.0,766.0,540.0,671.0
18.766666666666666,972.0,766.0,540.0,671.0
18.8,972.0,766.0,541.0,671.0
18.83333333333333,972.0,767.0,541.0,670.0
18.866666666666667,972.0,767.0,541.0,670.0
18.9,971.0,767.0,542.0,670.0
18.933333333333334,971.0,767.0,542.0,670.0
18.966666666666665,971.0,767.0,542.0,670.0
19.0,970.0,766.0,542.0,669.0
19.03333333333333,970.0,767.0,542.0,669.0
19.066666666666663,969.0,767.0,542.0,669.0
19.1,969.0,767.0,543.0,669.0
19.133333333333333,964.0,791.0,543.0,669.0
19.166666666666668,963.0,793.0,543.0,668.0
19.2,963.0,792.0,543.0,668.0
19.23333333333333,962.0,794.0,544.0,668.0
19.266666666666666,961.0,794.0,544.0,668.0
19.3,961.0,795.0,544.0,668.0
19.33333333333333,961.0,795.0,545.0,668.0
19.366666666666667,960.0,795.0,545.0,668.0
19.4,960.0,795.0,545.0,668.0
19.433333333333334,959.0,795.0,545.0,668.0
19.466666666666665,959.0,795.0,546.0,668.0
19.5,958.0,795.0,546.0,668.0
19.53333333333333,958.0,796.0,546.0,668.0
19.566666666666663,957.0,797.0,546.0,667.0
19.6,957.0,797.0,547.0,667.0
19.633333333333333,956.0,797.0,547.0,667.0
19.666666666666668,956.0,797.0,547.0,666.0
19.7,955.0,798.0,548.0,666.0
19.73333333333333,955.0,798.0,548.0,666.0
19.766666666666666,954.0,799.0,539.0,661.0
19.8,953.0,798.0,540.0,660.0
19.83333333333333,953.0,799.0,540.0,660.0
19.866666666666667,952.0,799.0,540.0,660.0
19.9,951.0,799.0,540.0,660.0
19.933333333333334,950.0,800.0,539.0,659.0
19.966666666666665,950.0,800.0,539.0,659.0
20.0,949.0,801.0,539.0,659.0
20.03333333333333,949.0,801.0,539.0,659.0
20.066666666666663,948.0,802.0,539.0,659.0
20.1,948.0,802.0,539.0,659.0
20.133333333333333,947.0,802.0,539.0,658.0
20.166666666666668,946.0,803.0,540.0,658.0
20.2,945.0,803.0,540.0,658.0
20.23333333333333,945.0,803.0,540.0,658.0
20.266666666666666,944.0,804.0,540.0,658.0
20.3,943.0,804.0,540.0,657.0
20.33333333333333,942.0,805.0,540.0,657.0
20.366666666666667,942.0,805.0,540.0,657.0
20.4,941.0,806.0,540.0,657.0
20.433333333333334,941.0,806.0,541.0,657.0
20.466666666666665,941.0,806.0,541.0,657.0
20.5,940.0,807.0,542.0,657.0
20.53333333333333,939.0,808.0,542.0,657.0
20.566666666666663,939.0,808.0,543.0,657.0
20.6,938.0,808.0,543.0,657.0
20.633333333333333,938.0,808.0,544.0,657.0
20.666666666666668,937.0,809.0,544.0,657.0
20.7,937.0,809.0,544.0,657.0
20.73333333333333,936.0,809.0,544.0,658.0
20.766666666666666,936.0,810.0,544.0,658.0
20.8,935.0,810.0,545.0,658.0
20.83333333333333,934.0,811.0,545.0,658.0
20.866666666666667,934.0,811.0,545.0,658.0
20.9,933.0,812.0,546.0,658.0
20.933333333333334,932.0,812.0,546.0,658.0
20.966666666666665,931.0,812.0,547.0,658.0
21.0,930.0,812.0,547.0,658.0
21.03333333333333,930.0,813.0,548.0,658.0
21.066666666666663,929.0,813.0,548.0,658.0
21.1,928.0,814.0,549.0,658.0
21.133333333333333,928.0,814.0,549.0,659.0
21.166666666666668,927.0,814.0,550.0,659.0
21.2,927.0,815.0,550.0,659.0
21.23333333333333,926.0,815.0,551.0,659.0
21.266666666666666,925.0,816.0,551.0,659.0
21.3,924.0,817.0,552.0,659.0
21.33333333333333,924.0,817.0,553.0,659.0
21.366666666666667,923.0,817.0,553.0,659.0
21.4,922.0,818.0,554.0,659.0
21.433333333333334,922.0,818.0,554.0,659.0
21.466666666666665,921.0,818.0,555.0,659.0
21.5,921.0,818.0,555.0,659.0
21.53333333333333,920.0,819.0,556.0,659.0
21.566666666666663,919.0,819.0,556.0,659.0
21.6,918.0,819.0,556.0,659.0
21.633333333333333,918.0,820.0,556.0,659.0
21.666666666666668,917.0,821.0,557.0,659.0
21.7,916.0,821.0,557.0,659.0
21.73333333333333,916.0,821.0,557.0,659.0
21.766666666666666,915.0,822.0,557.0,659.0
21.8,914.0,821.0,558.0,659.0
21.83333333333333,914.0,822.0,558.0,659.0
21.866666666666667,913.0,822.0,558.0,659.0
21.9,912.0,822.0,559.0,659.0
21.933333333333334,912.0,823.0,560.0,659.0
21.966666666666665,911.0,824.0,560.0,659.0
22.0,910.0,824.0,560.0,659.0
22.03333333333333,910.0,825.0,560.0,659.0
22.066666666666663,909.0,826.0,560.0,658.0
22.1,909.0,827.0,561.0,658.0
22.133333333333333,908.0,827.0,561.0,658.0
22.166666666666668,907.0,828.0,561.0,658.0
22.2,911.0,824.0,561.0,658.0
22.23333333333333,910.0,824.0,561.0,658.0
22.266666666666666,910.0,824.0,561.0,658.0
22.3,909.0,825.0,562.0,658.0
22.33333333333333,908.0,825.0,562.0,658.0
22.366666666666667,907.0,825.0,562.0,658.0
22.4,907.0,826.0,562.0,658.0
22.433333333333334,906.0,826.0,563.0,658.0
22.466666666666665,906.0,826.0,563.0,658.0
22.5,905.0,827.0,563.0,658.0
22.53333333333333,905.0,826.0,563.0,658.0
22.566666666666663,904.0,827.0,564.0,658.0
22.6,903.0,828.0,564.0,658.0
22.633333333333333,902.0,828.0,564.0,658.0
22.666666666666668,901.0,828.0,564.0,658.0
22.7,901.0,828.0,564.0,658.0
22.73333333333333,900.0,829.0,565.0,658.0
22.766666666666666,900.0,829.0,565.0,658.0
22.8,899.0,830.0,565.0,658.0
22.83333333333333,898.0,830.0,565.0,658.0
22.866666666666667,898.0,830.0,566.0,658.0
22.9,897.0,831.0,566.0,659.0
22.933333333333334,897.0,831.0,566.0,659.0
22.966666666666665,896.0,832.0,566.0,659.0
23.0,896.0,832.0,567.0,659.0
23.03333333333333,895.0,832.0,567.0,659.0
23.066666666666663,895.0,833.0,567.0,659.0
23.1,894.0,833.0,567.0,659.0
23.133333333333333,894.0,833.0,568.0,659.0
23.166666666666668,894.0,833.0,568.0,660.0
23.2,893.0,834.0,568.0,660.0
23.23333333333333,893.0,834.0,569.0,660.0
23.266666666666666,892.0,835.0,569.0,660.0
23.3,892.0,835.0,569.0,660.0
23.33333333333333,892.0,836.0,570.0,661.0
23.366666666666667,891.0,836.0,570.0,661.0
23.4,891.0,837.0,570.0,661.0
23.433333333333334,891.0,837.0,570.0,661.0
23.466666666666665,890.0,838.0,570.0,661.0
23.5,890.0,839.0,571.0,661.0
23.53333333333333,890.0,839.0,571.0,661.0
23.566666666666663,890.0,840.0,571.0,661.0
23.6,889.0,840.0,571.0,661.0
23.633333333333333,889.0,841.0,571.0,661.0
23.666666666666668,888.0,841.0,571.0,661.0
23.7,888.0,842.0,571.0,661.0
23.73333333333333,887.0,842.0,572.0,661.0
23.766666666666666,887.0,843.0,572.0,662.0
23.8,886.0,844.0,572.0,662.0
23.83333333333333,885.0,844.0,572.0,662.0
23.866666666666667,884.0,845.0,572.0,662.0
23.9,884.0,846.0,572.0,662.0
23.933333333333334,883.0,847.0,573.0,662.0
23.966666666666665,882.0,847.0,573.0,662.0
24.0,881.0,848.0,573.0,662.0
24.03333333333333,881.0,849.0,573.0,662.0
24.066666666666663,880.0,850.0,573.0,662.0
24.1,880.0,850.0,573.0,662.0
24.133333333333333,880.0,851.0,573.0,662.0
24.166666666666668,879.0,852.0,573.0,662.0
24.2,878.0,852.0,574.0,662.0
24.23333333333333,878.0,853.0,574.0,662.0
24.266666666666666,878.0,853.0,574.0,662.0
24.3,877.0,854.0,574.0,662.0
24.33333333333333,877.0,855.0,574.0,662.0
24.366666666666667,877.0,856.0,574.0,662.0
24.4,876.0,856.0,574.0,662.0
24.433333333333334,875.0,857.0,574.0,662.0
24.466666666666665,875.0,858.0,574.0,662.0
24.5,874.0,858.0,575.0,662.0
24.53333333333333,874.0,859.0,575.0,662.0
24.566666666666663,874.0,860.0,575.0,662.0
24.6,874.0,861.0,575.0,663.0
24.633333333333333,874.0,861.0,575.0,663.0
24.666666666666668,873.0,862.0,575.0,664.0
24.7,873.0,863.0,575.0,664.0
24.73333333333333,873.0,863.0,575.0,665.0
24.766666666666666,873.0,864.0,575.0,665.0
24.8,873.0,865.0,575.0,665.0
24.83333333333333,872.0,866.0,575.0,665.0
24.866666666666667,872.0,866.0,575.0,666.0
24.9,872.0,867.0,575.0,666.0
24.933333333333334,871.0,867.0,575.0,666.0
24.966666666666665,871.0,867.0,576.0,667.0
25.0,871.0,868.0,576.0,667.0
25.03333333333333,870.0,869.0,577.0,667.0
25.066666666666663,870.0,869.0,578.0,668.0
25.1,870.0,869.0,578.0,668.0
25.133333333333333,870.0,869.0,579.0,668.0
25.166666666666668,870.0,870.0,579.0,668.0
25.2,870.0,870.0,580.0,668.0
25.23333333333333,870.0,871.0,580.0,668.0
25.266666666666666,870.0,871.0,581.0,668.0
25.3,870.0,871.0,581.0,668.0
25.33333333333333,870.0,871.0,581.0,668.0
25.366666666666667,870.0,872.0,582.0,668.0
25.4,870.0,872.0,582.0,668.0
25.433333333333334,869.0,873.0,583.0,668.0
25.466666666666665,869.0,873.0,583.0,668.0
25.5,869.0,874.0,583.0,668.0
25.53333333333333,869.0,874.0,584.0,668.0
25.566666666666663,869.0,875.0,585.0,668.0
25.6,869.0,875.0,585.0,669.0
25.633333333333333,869.0,875.0,585.0,669.0
25.666666666666668,869.0,876.0,586.0,669.0
25.7,869.0,876.0,586.0,669.0
25.73333333333333,869.0,876.0,587.0,670.0
25.766666666666666,869.0,877.0,588.0,670.0
25.8,869.0,877.0,589.0,670.0
25.83333333333333,869.0,878.0,590.0,671.0
25.866666666666667,869.0,878.0,590.0,671.0
25.9,870.0,879.0,591.0,672.0
25.933333333333334,870.0,879.0,591.0,672.0
25.966666666666665,870.0,881.0,592.0,673.0
26.0,871.0,881.0,593.0,674.0
26.03333333333333,871.0,881.0,593.0,675.0
26.066666666666663,871.0,882.0,593.0,675.0
26.1,872.0,883.0,594.0,676.0
26.133333333333333,872.0,883.0,595.0,677.0
26.166666666666668,866.0,889.0,596.0,677.0
26.2,866.0,890.0,597.0,678.0
26.23333333333333,867.0,890.0,597.0,679.0
26.266666666666666,867.0,890.0,598.0,679.0
26.3,866.0,890.0,599.0,680.0
26.33333333333333,867.0,891.0,599.0,680.0
26.366666666666667,868.0,892.0,600.0,681.0
26.4,868.0,892.0,601.0,681.0
26.433333333333334,868.0,893.0,601.0,682.0
26.466666666666665,868.0,894.0,602.0,682.0
26.5,868.0,894.0,602.0,682.0
26.53333333333333,867.0,894.0,602.0,682.0
26.566666666666663,867.0,895.0,602.0,682.0
26.6,867.0,895.0,602.0,682.0
26.633333333333333,866.0,896.0,602.0,682.0
26.666666666666668,867.0,896.0,601.0,682.0
26.7,867.0,896.0,601.0,682.0
26.73333333333333,866.0,896.0,600.0,682.0
26.766666666666666,866.0,897.0,599.0,682.0
26.8,866.0,898.0,599.0,682.0
26.83333333333333,865.0,898.0,598.0,682.0
26.866666666666667,864.0,898.0,598.0,682.0
26.9,864.0,899.0,597.0,682.0
26.933333333333334,864.0,899.0,596.0,682.0
26.966666666666665,863.0,900.0,596.0,682.0
27.0,863.0,901.0,595.0,682.0
27.03333333333333,862.0,902.0,594.0,682.0
27.066666666666663,862.0,902.0,593.0,682.0
27.1,861.0,902.0,592.0,682.0
27.133333333333333,861.0,903.0,591.0,681.0
27.166666666666668,860.0,903.0,591.0,681.0
27.2,859.0,903.0,590.0,681.0
27.23333333333333,859.0,903.0,589.0,680.0
27.266666666666666,858.0,903.0,589.0,679.0
27.3,857.0,904.0,589.0,679.0
27.33333333333333,857.0,904.0,588.0,678.0
27.366666666666667,856.0,904.0,588.0,677.0
27.4,856.0,904.0,587.0,677.0
27.433333333333334,855.0,905.0,587.0,676.0
27.466666666666665,855.0,905.0,586.0,676.0
27.5,854.0,906.0,585.0,676.0
27.53333333333333,854.0,906.0,585.0,675.0
27.566666666666663,854.0,907.0,584.0,675.0
27.6,854.0,907.0,584.0,675.0
27.633333333333333,854.0,908.0,583.0,675.0
27.666666666666668,854.0,909.0,582.0,674.0
27.7,854.0,910.0,582.0,675.0
27.73333333333333,854.0,910.0,582.0,675.0
27.766666666666666,854.0,911.0,581.0,675.0
27.8,854.0,912.0,581.0,675.0
27.83333333333333,854.0,912.0,581.0,675.0
27.866666666666667,854.0,913.0,581.0,675.0
27.9,854.0,914.0,581.0,675.0
27.933333333333334,854.0,914.0,580.0,675.0
27.966666666666665,853.0,916.0,580.0,675.0
28.0,853.0,915.0,580.0,675.0
28.03333333333333,853.0,916.0,579.0,675.0
28.066666666666663,853.0,916.0,578.0,676.0
28.1,853.0,916.0,577.0,676.0
28.133333333333333,853.0,916.0,577.0,676.0
28.166666666666668,853.0,917.0,578.0,675.0
28.2,853.0,917.0,579.0,674.0
28.23333333333333,853.0,918.0,578.0,673.0
28.266666666666666,853.0,918.0,577.0,674.0
28.3,853.0,919.0,577.0,675.0
28.33333333333333,853.0,920.0,577.0,675.0
28.366666666666667,852.0,920.0,578.0,675.0
28.4,852.0,921.0,579.0,675.0
28.433333333333334,853.0,921.0,578.0,675.0
28.466666666666665,852.0,922.0,578.0,675.0
28.5,853.0,922.0,569.0,686.0
28.53333333333333,853.0,922.0,568.0,686.0
28.566666666666663,853.0,923.0,567.0,686.0
28.6,853.0,924.0,566.0,686.0
28.633333333333333,853.0,925.0,577.0,690.0
28.666666666666668,854.0,925.0,576.0,690.0
28.7,853.0,926.0,575.0,690.0
28.73333333333333,853.0,926.0,575.0,691.0
28.766666666666666,854.0,927.0,574.0,690.0
28.8,854.0,928.0,574.0,691.0
28.83333333333333,854.0,928.0,573.0,691.0
28.866666666666667,854.0,929.0,557.0,691.0
28.9,854.0,929.0,556.0,692.0
28.933333333333334,854.0,929.0,556.0,692.0
28.966666666666665,854.0,929.0,557.0,692.0
29.0,854.0,931.0,558.0,692.0
29.03333333333333,854.0,931.0,558.0,693.0
29.066666666666663,854.0,932.0,558.0,693.0
29.1,854.0,932.0,558.0,693.0
29.133333333333333,854.0,933.0,557.0,693.0
29.166666666666668,854.0,934.0,557.0,694.0
29.2,855.0,934.0,556.0,694.0
29.23333333333333,855.0,935.0,556.0,694.0
29.266666666666666,855.0,935.0,555.0,694.0
29.3,855.0,936.0,555.0,694.0
29.33333333333333,855.0,936.0,554.0,695.0
29.366666666666667,856.0,937.0,553.0,695.0
29.4,856.0,937.0,553.0,695.0
29.433333333333334,856.0,937.0,552.0,695.0
29.466666666666665,857.0,938.0,552.0,696.0
29.5,857.0,939.0,551.0,696.0
29.53333333333333,858.0,940.0,551.0,697.0
29.566666666666663,858.0,940.0,571.0,692.0
29.6,858.0,941.0,579.0,692.0
29.633333333333333,858.0,941.0,586.0,693.0
29.666666666666668,859.0,942.0,595.0,693.0
29.7,859.0,942.0,597.0,693.0
29.73333333333333,860.0,943.0,598.0,693.0
29.766666666666666,860.0,944.0,600.0,694.0
29.8,861.0,944.0,602.0,694.0
29.83333333333333,861.0,945.0,604.0,694.0
29.866666666666667,862.0,945.0,606.0,694.0
29.9,863.0,946.0,607.0,694.0
29.933333333333334,863.0,947.0,610.0,695.0
29.966666666666665,864.0,947.0,611.0,695.0
30.0,864.0,948.0,613.0,695.0
30.03333333333333,865.0,948.0,617.0,695.0
30.066666666666663,865.0,949.0,619.0,696.0
30.1,866.0,950.0,621.0,696.0
30.133333333333333,866.0,950.0,624.0,696.0
30.166666666666668,867.0,950.0,615.0,714.0
30.2,868.0,951.0,615.0,718.0
30.23333333333333,869.0,951.0,615.0,719.0
30.266666666666666,869.0,952.0,614.0,719.0
30.3,870.0,953.0,614.0,721.0
30.33333333333333,871.0,953.0,614.0,723.0
30.366666666666667,871.0,953.0,612.0,724.0
30.4,872.0,954.0,614.0,723.0
30.433333333333334,872.0,954.0,614.0,723.0
30.466666666666665,873.0,955.0,612.0,723.0
30.5,873.0,955.0,613.0,723.0
30.53333333333333,874.0,955.0,612.0,723.0
30.566666666666663,875.0,957.0,612.0,725.0
30.6,876.0,957.0,611.0,725.0
30.633333333333333,876.0,958.0,610.0,726.0
30.666666666666668,877.0,959.0,610.0,726.0
30.7,878.0,959.0,609.0,726.0
30.73333333333333,878.0,959.0,608.0,727.0
30.766666666666666,879.0,960.0,606.0,727.0
30.8,879.0,960.0,603.0,727.0
30.83333333333333,880.0,961.0,604.0,727.0
30.866666666666667,880.0,961.0,603.0,727.0
30.9,881.0,962.0,603.0,728.0
30.933333333333334,881.0,962.0,603.0,728.0
30.966666666666665,882.0,963.0,602.0,729.0
31.0,883.0,963.0,603.0,730.0
31.03333333333333,884.0,964.0,604.0,730.0
31.066666666666663,885.0,964.0,605.0,731.0
31.1,886.0,965.0,608.0,719.0
31.133333333333333,886.0,965.0,608.0,720.0
31.166666666666668,887.0,966.0,608.0,720.0
31.2,888.0,966.0,608.0,720.0
31.23333333333333,889.0,967.0,607.0,721.0
31.266666666666666,890.0,967.0,607.0,721.0
31.3,890.0,967.0,608.0,721.0
31.33333333333333,891.0,968.0,608.0,721.0
31.366666666666667,892.0,968.0,608.0,721.0
31.4,893.0,969.0,609.0,721.0
31.433333333333334,894.0,969.0,609.0,722.0
31.466666666666665,895.0,969.0,608.0,722.0
31.5,895.0,970.0,607.0,722.0
31.53333333333333,896.0,971.0,608.0,720.0
31.566666666666663,897.0,971.0,609.0,720.0
31.6,898.0,971.0,609.0,720.0
31.633333333333333,899.0,972.0,609.0,721.0
31.666666666666668,900.0,973.0,610.0,722.0
31.7,900.0,973.0,611.0,722.0
31.73333333333333,901.0,973.0,610.0,723.0
31.766666666666666,902.0,974.0,604.0,717.0
31.8,902.0,974.0,603.0,716.0
31.83333333333333,903.0,974.0,602.0,717.0
31.866666666666667,904.0,974.0,600.0,717.0
31.9,904.0,974.0,601.0,717.0
31.933333333333334,905.0,975.0,601.0,717.0
31.966666666666665,906.0,975.0,600.0,718.0
32.0,906.0,976.0,599.0,718.0
32.03333333333333,907.0,976.0,600.0,719.0
32.06666666666667,908.0,976.0,598.0,719.0
32.1,909.0,977.0,597.0,720.0
32.13333333333333,910.0,977.0,597.0,719.0
32.166666666666664,911.0,977.0,596.0,719.0
32.2,911.0,978.0,596.0,720.0
32.233333333333334,912.0,978.0,595.0,720.0
32.266666666666666,913.0,978.0,596.0,721.0
32.3,914.0,978.0,595.0,721.0
32.333333333333336,914.0,979.0,593.0,722.0
32.36666666666667,915.0,979.0,593.0,722.0
32.4,916.0,979.0,593.0,723.0
32.43333333333333,917.0,979.0,593.0,724.0
32.46666666666667,917.0,980.0,591.0,723.0
32.5,918.0,980.0,592.0,724.0
32.53333333333333,919.0,981.0,591.0,724.0
32.56666666666667,920.0,981.0,590.0,722.0
32.6,922.0,981.0,589.0,723.0
32.63333333333333,921.0,982.0,589.0,722.0
32.666666666666664,922.0,982.0,588.0,722.0
32.7,922.0,982.0,587.0,722.0
32.733333333333334,923.0,983.0,588.0,722.0
32.766666666666666,924.0,983.0,587.0,724.0
32.8,925.0,983.0,587.0,724.0
32.833333333333336,925.0,984.0,586.0,724.0
32.86666666666667,926.0,984.0,585.0,724.0
32.9,927.0,984.0,584.0,724.0
32.93333333333333,928.0,984.0,584.0,724.0
32.96666666666667,929.0,985.0,583.0,725.0
33.0,929.0,985.0,582.0,726.0
33.03333333333333,930.0,986.0,582.0,727.0
33.06666666666667,931.0,986.0,582.0,728.0
33.1,932.0,986.0,581.0,726.0
33.13333333333333,933.0,986.0,580.0,725.0
33.166666666666664,934.0,986.0,580.0,725.0
33.2,934.0,987.0,580.0,726.0
33.233333333333334,936.0,987.0,579.0,726.0
33.266666666666666,936.0,988.0,579.0,727.0
33.3,937.0,988.0,578.0,728.0
33.333333333333336,938.0,988.0,578.0,728.0
33.36666666666667,939.0,989.0,577.0,727.0
33.4,939.0,989.0,578.0,729.0
33.43333333333333,940.0,989.0,578.0,731.0
33.46666666666667,941.0,989.0,577.0,730.0
33.5,942.0,990.0,577.0,731.0
33.53333333333333,943.0,990.0,578.0,730.0
33.56666666666667,944.0,990.0,578.0,730.0
33.6,944.0,991.0,579.0,731.0
33.63333333333333,945.0,991.0,578.0,731.0
33.666666666666664,946.0,991.0,579.0,731.0
33.7,947.0,991.0,579.0,732.0
33.733333333333334,948.0,991.0,579.0,732.0
33.766666666666666,949.0,992.0,580.0,732.0
33.8,949.0,993.0,580.0,732.0
33.833333333333336,950.0,993.0,580.0,732.0
33.86666666666667,951.0,993.0,580.0,731.0
33.9,952.0,993.0,580.0,731.0
33.93333333333333,954.0,993.0,581.0,732.0
33.96666666666667,955.0,993.0,581.0,733.0
34.0,956.0,994.0,582.0,734.0
34.03333333333333,957.0,994.0,582.0,734.0
34.06666666666667,958.0,994.0,582.0,735.0
34.1,959.0,994.0,582.0,736.0
34.13333333333333,960.0,994.0,582.0,733.0
34.166666666666664,961.0,995.0,582.0,732.0
34.2,962.0,995.0,583.0,733.0
34.233333333333334,963.0,995.0,584.0,732.0
34.266666666666666,964.0,996.0,583.0,733.0
34.3,965.0,996.0,584.0,733.0
34.333333333333336,966.0,996.0,584.0,733.0
34.36666666666667,967.0,997.0,586.0,733.0
34.4,968.0,997.0,586.0,734.0
34.43333333333333,969.0,997.0,585.0,735.0
34.46666666666667,970.0,997.0,586.0,736.0
34.5,971.0,997.0,586.0,736.0
34.53333333333333,972.0,998.0,586.0,737.0
34.56666666666667,973.0,998.0,586.0,737.0
34.6,974.0,998.0,586.0,737.0
34.63333333333333,975.0,998.0,586.0,739.0
34.666666666666664,976.0,999.0,586.0,740.0
34.7,976.0,998.0,585.0,740.0
34.733333333333334,978.0,999.0,585.0,740.0
34.766666666666666,979.0,999.0,585.0,739.0
34.8,980.0,999.0,584.0,741.0
34.833333333333336,980.0,999.0,586.0,742.0
34.86666666666667,982.0,1000.0,587.0,742.0
34.9,983.0,1000.0,586.0,741.0
34.93333333333333,984.0,1000.0,587.0,741.0
34.96666666666667,984.0,1000.0,586.0,742.0
35.0,985.0,1000.0,586.0,743.0
35.03333333333333,986.0,1000.0,586.0,743.0
35.06666666666667,987.0,1000.0,587.0,742.0
35.1,988.0,1000.0,587.0,742.0
35.13333333333333,989.0,1000.0,586.0,743.0
35.166666666666664,990.0,1000.0,585.0,744.0
35.2,991.0,1000.0,586.0,744.0
35.233333333333334,992.0,1000.0,587.0,743.0
35.266666666666666,993.0,1000.0,588.0,743.0
35.3,994.0,1001.0,588.0,743.0
35.333333333333336,994.0,994.0,585.0,737.0
35.36666666666667,1007.0,995.0,599.0,740.0
35.4,1018.0,997.0,607.0,737.0
35.43333333333333,1035.0,989.0,610.0,723.0
35.46666666666667,1041.0,989.0,620.0,729.0
35.5,1020.0,981.0,600.0,723.0
35.53333333333333,1021.0,980.0,602.0,724.0
35.56666666666667,1021.0,980.0,602.0,724.0
35.6,1022.0,980.0,602.0,725.0
35.63333333333333,1023.0,980.0,602.0,725.0
35.666666666666664,1024.0,980.0,603.0,725.0
35.7,1025.0,979.0,603.0,726.0
35.733333333333334,1026.0,980.0,606.0,726.0
35.766666666666666,1028.0,979.0,606.0,727.0
35.8,1030.0,979.0,606.0,729.0
35.833333333333336,1031.0,979.0,606.0,730.0
35.86666666666667,1032.0,980.0,607.0,731.0
35.9,1034.0,980.0,608.0,731.0
35.93333333333333,1035.0,981.0,608.0,732.0
35.96666666666667,1036.0,981.0,609.0,733.0
36.0,1037.0,980.0,609.0,735.0
36.03333333333333,1039.0,980.0,610.0,736.0
36.06666666666667,1041.0,980.0,611.0,737.0
36.1,1043.0,980.0,612.0,739.0
36.13333333333333,1046.0,979.0,614.0,741.0
36.16666666666666,1048.0,979.0,614.0,743.0
36.2,1050.0,979.0,615.0,744.0
36.23333333333333,1051.0,978.0,616.0,745.0
36.266666666666666,1053.0,978.0,617.0,747.0
36.3,1055.0,978.0,619.0,748.0
36.333333333333336,1057.0,978.0,620.0,749.0
36.36666666666667,1059.0,977.0,621.0,751.0
36.4,1060.0,977.0,623.0,752.0
36.43333333333333,1062.0,977.0,624.0,750.0
36.46666666666667,1063.0,977.0,625.0,752.0
36.5,1064.0,976.0,625.0,753.0
36.53333333333333,1065.0,976.0,626.0,753.0
36.56666666666667,1066.0,976.0,626.0,753.0
36.6,1067.0,975.0,627.0,754.0
36.63333333333333,1068.0,975.0,627.0,752.0
36.66666666666666,1069.0,975.0,628.0,753.0
36.7,1069.0,975.0,628.0,753.0
36.73333333333333,1070.0,975.0,627.0,752.0
36.766666666666666,1070.0,975.0,628.0,753.0
36.8,1071.0,975.0,629.0,752.0
36.833333333333336,1071.0,975.0,628.0,751.0
36.86666666666667,1070.0,975.0,628.0,751.0
36.9,1070.0,976.0,629.0,750.0
36.93333333333333,1070.0,976.0,617.0,741.0
36.96666666666667,1070.0,976.0,618.0,740.0
37.0,1070.0,976.0,617.0,739.0
37.03333333333333,1070.0,976.0,618.0,739.0
37.06666666666667,1070.0,976.0,617.0,738.0
37.1,1069.0,976.0,616.0,737.0
37.13333333333333,1068.0,976.0,616.0,736.0
37.16666666666666,1067.0,977.0,616.0,735.0
37.2,1067.0,977.0,615.0,734.0
37.23333333333333,1066.0,977.0,615.0,732.0
37.266666666666666,1066.0,977.0,614.0,730.0
37.3,1066.0,978.0,614.0,729.0
37.333333333333336,1066.0,978.0,614.0,729.0
37.36666666666667,1066.0,979.0,613.0,728.0
37.4,1067.0,978.0,614.0,729.0
37.43333333333333,1068.0,979.0,614.0,728.0
37.46666666666667,1068.0,978.0,614.0,729.0
37.5,1069.0,978.0,616.0,728.0
37.53333333333333,1070.0,978.0,615.0,728.0
37.56666666666667,1070.0,978.0,616.0,729.0
37.6,1071.0,978.0,616.0,729.0
37.63333333333333,1072.0,978.0,615.0,730.0
37.66666666666666,1073.0,978.0,616.0,730.0
37.7,1073.0,977.0,616.0,731.0
37.73333333333333,1074.0,977.0,616.0,731.0
37.766666666666666,1074.0,977.0,616.0,730.0
37.8,1075.0,978.0,615.0,729.0
37.833333333333336,1075.0,978.0,616.0,728.0
37.86666666666667,1076.0,978.0,616.0,727.0
37.9,1076.0,978.0,616.0,727.0
37.93333333333333,1077.0,978.0,614.0,725.0
37.96666666666667,1078.0,978.0,615.0,726.0
38.0,1078.0,978.0,614.0,725.0
38.03333333333333,1078.0,978.0,614.0,725.0
38.06666666666667,1079.0,978.0,613.0,726.0
38.1,1079.0,978.0,612.0,727.0
38.13333333333333,1080.0,978.0,613.0,726.0
38.16666666666666,1081.0,978.0,614.0,728.0
38.2,1083.0,978.0,614.0,729.0
38.23333333333333,1083.0,978.0,614.0,727.0
38.266666666666666,1083.0,978.0,613.0,727.0
38.3,1084.0,978.0,612.0,728.0
38.333333333333336,1085.0,977.0,612.0,728.0
38.36666666666667,1085.0,978.0,613.0,726.0
38.4,1086.0,978.0,612.0,727.0
38.43333333333333,1087.0,977.0,612.0,728.0
38.46666666666667,1088.0,977.0,613.0,728.0
38.5,1088.0,977.0,614.0,727.0
38.53333333333333,1089.0,977.0,613.0,728.0
38.56666666666667,1090.0,977.0,612.0,729.0
38.6,1090.0,977.0,612.0,730.0
38.63333333333333,1090.0,977.0,613.0,729.0
38.66666666666666,1091.0,976.0,612.0,731.0
38.7,1092.0,976.0,612.0,729.0
38.73333333333333,1092.0,976.0,612.0,729.0
38.766666666666666,1093.0,976.0,612.0,730.0
38.8,1093.0,976.0,611.0,731.0
38.833333333333336,1094.0,976.0,612.0,728.0
38.86666666666667,1095.0,976.0,611.0,728.0
38.9,1095.0,976.0,610.0,729.0
38.93333333333333,1095.0,976.0,608.0,729.0
38.96666666666667,1096.0,976.0,611.0,729.0
39.0,1096.0,975.0,610.0,729.0
39.03333333333333,1097.0,975.0,611.0,730.0
39.06666666666667,1098.0,975.0,610.0,732.0
39.1,1098.0,975.0,608.0,731.0
39.13333333333333,1099.0,975.0,608.0,731.0
39.16666666666666,1100.0,975.0,608.0,734.0
39.2,1100.0,974.0,607.0,735.0
39.23333333333333,1101.0,975.0,607.0,733.0
39.266666666666666,1102.0,975.0,608.0,734.0
39.3,1102.0,974.0,609.0,733.0
39.333333333333336,1103.0,974.0,609.0,732.0
39.36666666666667,1103.0,974.0,611.0,731.0
39.4,1104.0,974.0,613.0,732.0
39.43333333333333,1105.0,974.0,614.0,733.0
39.46666666666667,1106.0,975.0,616.0,733.0
39.5,1106.0,975.0,614.0,734.0
39.53333333333333,1107.0,975.0,614.0,734.0
39.56666666666667,1108.0,975.0,612.0,735.0
39.6,1108.0,975.0,612.0,735.0
39.63333333333333,1109.0,975.0,612.0,734.0
39.66666666666666,1109.0,974.0,611.0,735.0
39.7,1110.0,975.0,611.0,735.0
39.73333333333333,1111.0,975.0,610.0,735.0
39.766666666666666,1111.0,975.0,610.0,736.0
39.8,1112.0,975.0,610.0,736.0
39.833333333333336,1113.0,975.0,608.0,735.0
39.86666666666667,1113.0,975.0,609.0,735.0
39.9,1114.0,975.0,608.0,733.0
39.93333333333333,1114.0,975.0,608.0,733.0
39.96666666666667,1115.0,974.0,607.0,733.0
40.0,1116.0,974.0,608.0,733.0
40.03333333333333,1117.0,975.0,608.0,733.0
40.06666666666667,1117.0,974.0,607.0,733.0
40.1,1118.0,974.0,606.0,732.0
40.13333333333333,1120.0,975.0,606.0,732.0
40.16666666666666,1120.0,975.0,606.0,732.0
40.2,1121.0,975.0,606.0,731.0
40.23333333333333,1122.0,975.0,606.0,731.0
40.266666666666666,1123.0,975.0,605.0,731.0
40.3,1124.0,975.0,604.0,730.0
40.333333333333336,1125.0,975.0,604.0,731.0
40.36666666666667,1126.0,975.0,604.0,731.0
40.4,1127.0,975.0,604.0,730.0
40.43333333333333,1128.0,975.0,604.0,729.0
40.46666666666667,1129.0,975.0,603.0,729.0
40.5,1130.0,975.0,603.0,729.0
40.53333333333333,1131.0,975.0,602.0,727.0
40.56666666666667,1131.0,975.0,602.0,728.0
40.6,1132.0,975.0,603.0,727.0
40.63333333333333,1133.0,975.0,601.0,727.0
40.66666666666666,1134.0,975.0,602.0,727.0
40.7,1135.0,975.0,602.0,727.0
40.73333333333333,1135.0,976.0,602.0,728.0
40.766666666666666,1136.0,975.0,602.0,728.0
40.8,1138.0,976.0,601.0,726.0
40.833333333333336,1138.0,976.0,600.0,726.0
40.86666666666667,1140.0,976.0,601.0,726.0
40.9,1141.0,976.0,601.0,726.0
40.93333333333333,1142.0,976.0,603.0,725.0
40.96666666666667,1143.0,976.0,603.0,725.0
41.0,1145.0,976.0,604.0,725.0
41.03333333333333,1146.0,976.0,605.0,724.0
41.06666666666667,1148.0,976.0,607.0,724.0
41.1,1150.0,976.0,607.0,726.0
41.13333333333333,1151.0,976.0,608.0,726.0
41.16666666666666,1153.0,976.0,610.0,726.0
41.2,1154.0,976.0,612.0,726.0
41.23333333333333,1156.0,976.0,612.0,726.0
41.266666666666666,1157.0,976.0,615.0,726.0
41.3,1159.0,976.0,615.0,728.0
41.333333333333336,1161.0,976.0,616.0,728.0
41.36666666666667,1163.0,976.0,618.0,728.0
41.4,1165.0,976.0,619.0,728.0
41.43333333333333,1166.0,976.0,621.0,728.0
41.46666666666667,1168.0,975.0,620.0,728.0
41.5,1171.0,976.0,619.0,728.0
41.53333333333333,1172.0,975.0,619.0,728.0
41.56666666666667,1174.0,975.0,618.0,730.0
41.6,1176.0,975.0,617.0,731.0
41.63333333333333,1179.0,975.0,617.0,733.0
41.66666666666666,1181.0,974.0,617.0,731.0
41.7,1183.0,974.0,616.0,732.0
41.73333333333333,1185.0,974.0,616.0,731.0
41.766666666666666,1188.0,974.0,616.0,731.0
41.8,1190.0,974.0,615.0,731.0
41.833333333333336,1192.0,974.0,614.0,732.0
41.86666666666667,1194.0,974.0,615.0,732.0
41.9,1196.0,974.0,613.0,733.0
41.93333333333333,1198.0,974.0,613.0,732.0
41.96666666666667,1199.0,974.0,612.0,733.0
42.0,1202.0,974.0,612.0,731.0
42.03333333333333,1204.0,974.0,613.0,732.0
42.06666666666667,1205.0,973.0,611.0,732.0
42.1,1206.0,973.0,610.0,732.0
42.13333333333333,1208.0,973.0,610.0,731.0
42.16666666666666,1210.0,973.0,610.0,731.0
42.2,1212.0,974.0,610.0,731.0
42.23333333333333,1214.0,973.0,609.0,731.0
42.266666666666666,1215.0,973.0,609.0,731.0
42.3,1217.0,973.0,608.0,731.0
42.333333333333336,1219.0,973.0,608.0,732.0
42.36666666666667,1220.0,973.0,607.0,732.0
42.4,1223.0,973.0,607.0,731.0
42.43333333333333,1225.0,972.0,606.0,730.0
42.46666666666667,1227.0,972.0,606.0,731.0
42.5,1228.0,972.0,605.0,732.0
42.53333333333333,1230.0,972.0,605.0,731.0
42.56666666666667,1232.0,972.0,604.0,731.0
42.6,1234.0,972.0,605.0,731.0
42.63333333333333,1236.0,972.0,606.0,732.0
42.66666666666666,1238.0,972.0,604.0,732.0
42.7,1240.0,972.0,604.0,733.0
42.73333333333333,1242.0,972.0,605.0,733.0
42.766666666666666,1244.0,972.0,602.0,734.0
42.8,1245.0,971.0,602.0,734.0
42.833333333333336,1247.0,971.0,602.0,734.0
42.86666666666667,1250.0,971.0,600.0,730.0
42.9,1252.0,971.0,600.0,733.0
42.93333333333333,1254.0,971.0,600.0,734.0
42.96666666666667,1256.0,971.0,600.0,732.0
43.0,1258.0,970.0,605.0,732.0
43.03333333333333,1260.0,971.0,610.0,732.0
43.06666666666667,1261.0,970.0,615.0,733.0
43.1,1263.0,970.0,619.0,734.0
43.13333333333333,1265.0,970.0,625.0,733.0
43.16666666666666,1267.0,969.0,630.0,733.0
43.2,1269.0,969.0,635.0,735.0
43.23333333333333,1271.0,969.0,640.0,734.0
43.266666666666666,1273.0,969.0,645.0,735.0
43.3,1276.0,968.0,646.0,735.0
43.333333333333336,1278.0,968.0,647.0,734.0
43.36666666666667,1280.0,968.0,647.0,734.0
43.4,1282.0,968.0,648.0,734.0
43.43333333333333,1284.0,968.0,649.0,734.0
43.46666666666667,1286.0,967.0,650.0,734.0
43.5,1287.0,968.0,650.0,734.0
43.53333333333333,1289.0,968.0,650.0,735.0
43.56666666666667,1291.0,967.0,651.0,735.0
43.6,1293.0,967.0,651.0,735.0
43.63333333333333,1295.0,966.0,651.0,735.0
43.66666666666666,1297.0,966.0,652.0,735.0
43.7,1299.0,966.0,652.0,736.0
43.73333333333333,1301.0,966.0,652.0,737.0
43.766666666666666,1303.0,966.0,653.0,737.0
43.8,1305.0,966.0,654.0,737.0
43.833333333333336,1306.0,967.0,654.0,737.0
43.86666666666667,1309.0,966.0,654.0,736.0
43.9,1311.0,966.0,656.0,736.0
43.93333333333333,1313.0,966.0,657.0,737.0
43.96666666666667,1315.0,965.0,658.0,736.0
44.0,1316.0,966.0,660.0,735.0
44.03333333333333,1318.0,965.0,660.0,735.0
44.06666666666667,1320.0,965.0,661.0,734.0
44.1,1322.0,965.0,662.0,734.0
44.13333333333333,1323.0,965.0,663.0,734.0
44.16666666666666,1325.0,964.0,664.0,734.0
44.2,1327.0,964.0,665.0,734.0
44.23333333333333,1329.0,964.0,666.0,733.0
44.266666666666666,1331.0,964.0,667.0,733.0
44.3,1333.0,964.0,667.0,735.0
44.333333333333336,1335.0,964.0,669.0,735.0
44.36666666666667,1337.0,964.0,669.0,735.0
44.4,1338.0,964.0,669.0,735.0
44.43333333333333,1340.0,964.0,671.0,735.0
44.46666666666667,1342.0,963.0,672.0,736.0
44.5,1344.0,963.0,672.0,736.0
44.53333333333333,1346.0,962.0,672.0,735.0
44.56666666666667,1348.0,962.0,673.0,735.0
44.6,1350.0,962.0,673.0,735.0
44.63333333333333,1352.0,962.0,674.0,735.0
44.66666666666666,1354.0,962.0,674.0,736.0
44.7,1355.0,962.0,674.0,736.0
44.73333333333333,1357.0,962.0,675.0,736.0
44.766666666666666,1359.0,962.0,675.0,735.0
44.8,1361.0,962.0,676.0,736.0
44.833333333333336,1363.0,962.0,677.0,736.0
44.86666666666667,1365.0,962.0,677.0,738.0
44.9,1367.0,961.0,678.0,736.0
44.93333333333333,1369.0,961.0,678.0,736.0
44.96666666666667,1371.0,961.0,679.0,735.0
45.0,1374.0,961.0,679.0,736.0
45.03333333333333,1375.0,961.0,681.0,734.0
45.06666666666667,1378.0,961.0,682.0,734.0
45.1,1379.0,961.0,682.0,734.0
45.13333333333333,1381.0,961.0,682.0,735.0
45.16666666666666,1383.0,961.0,682.0,735.0
45.2,1384.0,961.0,682.0,735.0
45.23333333333333,1386.0,962.0,682.0,735.0
45.266666666666666,1388.0,961.0,683.0,734.0
45.3,1390.0,960.0,684.0,734.0
45.333333333333336,1392.0,960.0,684.0,735.0
45.36666666666667,1393.0,961.0,684.0,735.0
45.4,1395.0,960.0,685.0,735.0
45.43333333333333,1397.0,960.0,684.0,736.0
45.46666666666667,1399.0,960.0,684.0,736.0
45.5,1401.0,960.0,686.0,733.0
45.53333333333333,1403.0,960.0,686.0,733.0
45.56666666666667,1405.0,961.0,686.0,734.0
45.6,1407.0,961.0,686.0,735.0
45.63333333333333,1408.0,961.0,687.0,734.0
45.66666666666666,1410.0,960.0,686.0,736.0
45.7,1412.0,960.0,688.0,735.0
45.73333333333333,1414.0,960.0,687.0,736.0
45.766666666666666,1416.0,960.0,687.0,736.0
45.8,1417.0,960.0,688.0,735.0
45.833333333333336,1420.0,960.0,686.0,736.0
45.86666666666667,1422.0,960.0,686.0,737.0
45.9,1424.0,960.0,686.0,737.0
45.93333333333333,1425.0,960.0,686.0,736.0
45.96666666666667,1427.0,960.0,685.0,737.0
46.0,1429.0,960.0,684.0,738.0
46.03333333333333,1431.0,960.0,685.0,739.0
46.06666666666667,1433.0,959.0,684.0,740.0
46.1,1435.0,959.0,685.0,741.0
46.13333333333333,1436.0,959.0,685.0,741.0
46.16666666666666,1439.0,959.0,686.0,740.0
46.2,1441.0,959.0,685.0,741.0
46.23333333333333,1443.0,959.0,686.0,741.0
46.266666666666666,1445.0,959.0,687.0,740.0
46.3,1447.0,959.0,687.0,743.0
46.333333333333336,1449.0,958.0,688.0,725.0
46.36666666666667,1451.0,958.0,687.0,726.0
46.4,1453.0,958.0,688.0,726.0
46.43333333333333,1455.0,957.0,688.0,726.0
46.46666666666667,1457.0,957.0,688.0,726.0
46.5,1459.0,957.0,687.0,727.0
46.53333333333333,1461.0,957.0,686.0,728.0
46.56666666666667,1463.0,957.0,687.0,727.0
46.6,1465.0,957.0,688.0,728.0
46.63333333333333,1467.0,957.0,688.0,727.0
46.66666666666666,1469.0,957.0,688.0,727.0
46.7,1471.0,956.0,689.0,726.0
46.73333333333333,1473.0,956.0,688.0,727.0
46.766666666666666,1475.0,956.0,688.0,727.0
46.8,1478.0,955.0,688.0,727.0
46.833333333333336,1479.0,956.0,687.0,728.0
46.86666666666667,1481.0,956.0,687.0,728.0
46.9,1483.0,955.0,686.0,729.0
46.93333333333333,1485.0,955.0,686.0,730.0
46.96666666666667,1487.0,955.0,687.0,731.0
47.0,1489.0,955.0,686.0,732.0
47.03333333333333,1491.0,956.0,687.0,732.0
47.06666666666667,1492.0,955.0,687.0,733.0
47.1,1495.0,955.0,688.0,733.0
47.13333333333333,1496.0,955.0,689.0,735.0
47.16666666666666,1498.0,955.0,690.0,736.0
47.2,1499.0,955.0,691.0,736.0
47.23333333333333,1501.0,954.0,692.0,735.0
47.266666666666666,1502.0,954.0,691.0,735.0
47.3,1504.0,954.0,693.0,736.0
47.333333333333336,1506.0,955.0,692.0,736.0
47.36666666666667,1507.0,955.0,693.0,736.0
47.4,1508.0,955.0,693.0,736.0
47.43333333333333,1510.0,955.0,693.0,737.0
47.46666666666667,1511.0,955.0,693.0,736.0
47.5,1513.0,955.0,694.0,736.0
47.53333333333333,1514.0,955.0,695.0,736.0
47.56666666666667,1515.0,956.0,695.0,736.0
47.6,1517.0,955.0,695.0,737.0
47.63333333333333,1519.0,955.0,696.0,737.0
47.66666666666666,1521.0,954.0,697.0,736.0
47.7,1522.0,954.0,698.0,736.0
47.73333333333333,1524.0,954.0,699.0,736.0
47.766666666666666,1525.0,954.0,700.0,735.0
47.8,1526.0,954.0,700.0,736.0
47.833333333333336,1527.0,954.0,702.0,735.0
47.86666666666667,1529.0,954.0,702.0,736.0
47.9,1530.0,954.0,703.0,736.0
47.93333333333333,1531.0,954.0,703.0,736.0
47.96666666666667,1532.0,953.0,704.0,736.0
48.0,1533.0,954.0,704.0,736.0
48.03333333333333,1534.0,953.0,705.0,737.0
48.06666666666667,1535.0,954.0,707.0,737.0
48.1,1537.0,954.0,707.0,738.0
48.13333333333333,1538.0,954.0,708.0,738.0
48.16666666666666,1539.0,953.0,709.0,738.0
48.2,1540.0,953.0,710.0,738.0
48.23333333333333,1541.0,952.0,711.0,739.0
48.266666666666666,1543.0,952.0,712.0,739.0
48.3,1544.0,951.0,713.0,738.0
48.333333333333336,1545.0,951.0,715.0,737.0
48.36666666666667,1547.0,952.0,714.0,739.0
48.4,1548.0,952.0,714.0,740.0
48.43333333333333,1549.0,952.0,715.0,740.0
48.46666666666667,1550.0,952.0,716.0,739.0
48.5,1552.0,953.0,715.0,739.0
48.53333333333333,1554.0,952.0,716.0,739.0
48.56666666666667,1555.0,952.0,718.0,738.0
48.6,1556.0,952.0,717.0,741.0
48.63333333333333,1557.0,952.0,718.0,741.0
48.66666666666666,1558.0,952.0,719.0,739.0
48.7,1560.0,952.0,719.0,741.0
48.73333333333333,1561.0,952.0,721.0,740.0
48.766666666666666,1562.0,952.0,720.0,740.0
48.8,1564.0,952.0,720.0,742.0
48.833333333333336,1565.0,951.0,722.0,741.0
48.86666666666667,1567.0,951.0,724.0,741.0
48.9,1568.0,951.0,724.0,742.0
48.93333333333333,1571.0,951.0,724.0,742.0
48.96666666666667,1573.0,951.0,725.0,742.0
49.0,1574.0,950.0,725.0,742.0
49.03333333333333,1575.0,950.0,726.0,743.0
49.06666666666667,1576.0,950.0,727.0,743.0
49.1,1576.0,949.0,725.0,722.0
49.13333333333333,1576.0,948.0,725.0,723.0
49.16666666666666,1577.0,949.0,726.0,723.0
49.2,1578.0,948.0,726.0,723.0
49.23333333333333,1579.0,948.0,726.0,723.0
49.266666666666666,1580.0,948.0,726.0,724.0
49.3,1581.0,947.0,727.0,723.0
49.333333333333336,1582.0,947.0,727.0,723.0
49.36666666666667,1583.0,946.0,728.0,723.0
49.4,1584.0,945.0,729.0,722.0
49.43333333333333,1585.0,945.0,729.0,722.0
49.46666666666667,1586.0,945.0,729.0,722.0
49.5,1588.0,944.0,729.0,723.0
49.53333333333333,1589.0,943.0,730.0,723.0
49.56666666666667,1590.0,942.0,731.0,723.0
49.6,1591.0,941.0,731.0,723.0
49.63333333333333,1592.0,940.0,730.0,723.0
49.66666666666666,1593.0,940.0,730.0,723.0
49.7,1594.0,938.0,730.0,724.0
49.73333333333333,1594.0,938.0,731.0,725.0
49.766666666666666,1596.0,937.0,731.0,725.0
49.8,1597.0,936.0,732.0,723.0
49.833333333333336,1598.0,935.0,732.0,723.0
49.86666666666667,1598.0,934.0,732.0,723.0
49.9,1599.0,933.0,732.0,724.0
49.93333333333333,1600.0,933.0,733.0,724.0
49.96666666666667,1601.0,931.0,733.0,724.0
50.0,1601.0,930.0,734.0,723.0
50.03333333333333,1601.0,929.0,735.0,723.0
50.06666666666667,1602.0,928.0,734.0,724.0
50.1,1602.0,927.0,734.0,724.0
50.13333333333333,1604.0,926.0,734.0,722.0
50.16666666666666,1606.0,925.0,734.0,723.0
50.2,1594.0,933.0,734.0,723.0
50.23333333333333,1595.0,932.0,735.0,723.0
50.266666666666666,1594.0,931.0,735.0,723.0
50.3,1595.0,930.0,734.0,723.0
50.333333333333336,1595.0,930.0,734.0,723.0
50.36666666666667,1596.0,930.0,734.0,723.0
50.4,1599.0,930.0,734.0,724.0
50.43333333333333,1601.0,930.0,734.0,724.0
50.46666666666667,1602.0,930.0,734.0,725.0
50.5,1603.0,930.0,735.0,724.0
50.53333333333333,1606.0,929.0,735.0,725.0
50.56666666666667,1608.0,929.0,735.0,724.0
50.6,1609.0,928.0,736.0,725.0
50.63333333333333,1611.0,931.0,736.0,725.0
50.66666666666666,1612.0,929.0,735.0,725.0
50.7,1614.0,930.0,735.0,726.0
50.73333333333333,1615.0,928.0,735.0,726.0
50.766666666666666,1617.0,927.0,736.0,725.0
50.8,1618.0,927.0,735.0,725.0
50.833333333333336,1619.0,927.0,735.0,725.0
50.86666666666667,1622.0,926.0,736.0,725.0
50.9,1623.0,926.0,735.0,726.0
50.93333333333333,1625.0,926.0,735.0,726.0
50.96666666666667,1626.0,925.0,735.0,725.0
51.0,1628.0,926.0,735.0,725.0
51.03333333333333,1627.0,925.0,735.0,725.0
51.06666666666667,1629.0,925.0,735.0,725.0
51.1,1629.0,924.0,737.0,724.0
51.13333333333333,1632.0,926.0,736.0,724.0
51.16666666666666,1634.0,926.0,736.0,724.0
51.2,1634.0,923.0,736.0,724.0
51.23333333333333,1635.0,923.0,736.0,723.0
51.266666666666666,1636.0,922.0,736.0,723.0
51.3,1639.0,923.0,737.0,723.0
51.333333333333336,1641.0,922.0,736.0,726.0
51.36666666666667,1642.0,921.0,737.0,724.0
51.4,1643.0,920.0,737.0,724.0
51.43333333333333,1644.0,919.0,736.0,726.0
51.46666666666667,1636.0,941.0,736.0,724.0
51.5,1637.0,941.0,736.0,723.0
51.53333333333333,1638.0,943.0,737.0,724.0
51.56666666666667,1639.0,943.0,737.0,724.0
51.6,1640.0,943.0,737.0,725.0
51.63333333333333,1641.0,941.0,737.0,724.0
51.66666666666666,1643.0,940.0,737.0,727.0
51.7,1644.0,940.0,737.0,727.0
51.73333333333333,1645.0,939.0,738.0,726.0
51.766666666666666,1646.0,939.0,738.0,726.0
51.8,1646.0,941.0,738.0,726.0
51.833333333333336,1648.0,941.0,738.0,725.0
51.86666666666667,1649.0,940.0,738.0,725.0
51.9,1650.0,941.0,738.0,727.0
51.93333333333333,1651.0,940.0,738.0,726.0
51.96666666666667,1652.0,940.0,740.0,728.0
52.0,1654.0,939.0,738.0,729.0
52.03333333333333,1654.0,939.0,739.0,728.0
52.06666666666667,1654.0,938.0,739.0,728.0
52.1,1656.0,937.0,738.0,729.0
52.13333333333333,1657.0,937.0,739.0,729.0
52.16666666666666,1657.0,937.0,739.0,729.0
52.2,1658.0,937.0,739.0,729.0
52.23333333333333,1662.0,935.0,739.0,729.0
52.266666666666666,1661.0,935.0,739.0,730.0
52.3,1661.0,934.0,740.0,730.0
52.333333333333336,1662.0,934.0,740.0,731.0
52.36666666666667,1663.0,933.0,740.0,732.0
52.4,1664.0,930.0,740.0,731.0
52.43333333333333,1665.0,929.0,740.0,733.0
52.46666666666667,1665.0,929.0,741.0,731.0
52.5,1667.0,930.0,741.0,731.0
52.53333333333333,1667.0,929.0,741.0,731.0
52.56666666666667,1666.0,929.0,742.0,732.0
52.6,1667.0,930.0,742.0,732.0
52.63333333333333,1669.0,927.0,741.0,732.0
52.66666666666666,1670.0,926.0,742.0,732.0
52.7,1672.0,926.0,742.0,732.0
52.73333333333333,1671.0,926.0,742.0,733.0
52.766666666666666,1674.0,925.0,742.0,733.0
52.8,1675.0,926.0,742.0,732.0
52.833333333333336,1676.0,947.0,742.0,733.0
52.86666666666667,1679.0,946.0,742.0,733.0
52.9,1679.0,946.0,743.0,732.0
52.93333333333333,1680.0,945.0,743.0,731.0
52.96666666666667,1682.0,945.0,743.0,733.0
53.0,1684.0,945.0,744.0,733.0
53.03333333333333,1683.0,950.0,744.0,733.0
53.06666666666667,1685.0,950.0,744.0,734.0
53.1,1688.0,951.0,744.0,733.0
53.13333333333333,1688.0,949.0,744.0,733.0
53.16666666666666,1688.0,950.0,744.0,733.0
53.2,1690.0,950.0,744.0,733.0
53.23333333333333,1692.0,950.0,745.0,732.0
53.266666666666666,1693.0,950.0,744.0,732.0
53.3,1694.0,951.0,745.0,732.0
53.333333333333336,1696.0,952.0,745.0,731.0
53.36666666666667,1696.0,952.0,745.0,732.0
53.4,1698.0,952.0,745.0,732.0
53.43333333333333,1699.0,953.0,745.0,732.0
53.46666666666667,1700.0,953.0,744.0,733.0
53.5,1701.0,954.0,745.0,732.0
53.53333333333333,1702.0,955.0,745.0,731.0
53.56666666666667,1702.0,956.0,744.0,731.0
53.6,1703.0,957.0,744.0,731.0
53.63333333333333,1704.0,957.0,743.0,731.0
53.66666666666666,1705.0,958.0,743.0,731.0
53.7,1706.0,959.0,744.0,730.0
53.73333333333333,1706.0,959.0,743.0,730.0
53.766666666666666,1708.0,959.0,742.0,730.0
53.8,1709.0,960.0,743.0,730.0
53.833333333333336,1710.0,960.0,743.0,729.0
53.86666666666667,1712.0,960.0,743.0,729.0
53.9,1713.0,960.0,743.0,729.0
53.93333333333333,1715.0,960.0,742.0,727.0
53.96666666666667,1716.0,962.0,742.0,726.0
54.0,1718.0,963.0,742.0,726.0
54.03333333333333,1720.0,963.0,742.0,727.0
54.06666666666667,1721.0,964.0,742.0,727.0
54.1,1723.0,964.0,743.0,727.0
54.13333333333333,1725.0,964.0,742.0,727.0
54.16666666666666,1727.0,964.0,742.0,726.0
54.2,1729.0,964.0,742.0,725.0
54.23333333333333,1731.0,964.0,742.0,727.0
54.266666666666666,1734.0,964.0,742.0,726.0
54.3,1736.0,964.0,743.0,726.0
54.333333333333336,1739.0,964.0,742.0,726.0
54.36666666666667,1741.0,964.0,743.0,725.0
54.4,1743.0,964.0,743.0,725.0
54.43333333333333,1746.0,964.0,743.0,725.0
54.46666666666667,1748.0,964.0,743.0,725.0
54.5,1750.0,963.0,744.0,725.0
54.53333333333333,1752.0,963.0,744.0,725.0
54.56666666666667,1754.0,963.0,743.0,726.0
54.6,1756.0,962.0,744.0,726.0
54.63333333333333,1759.0,962.0,743.0,727.0
54.66666666666666,1762.0,962.0,744.0,726.0
54.7,1764.0,962.0,744.0,726.0
54.73333333333333,1766.0,961.0,745.0,726.0
54.766666666666666,1768.0,961.0,744.0,726.0
54.8,1770.0,961.0,744.0,726.0
54.833333333333336,1772.0,961.0,744.0,725.0
54.86666666666667,1773.0,961.0,744.0,725.0
54.9,1778.0,961.0,744.0,725.0
54.93333333333333,1780.0,961.0,744.0,724.0
54.96666666666667,1782.0,961.0,744.0,724.0
55.0,1784.0,960.0,744.0,724.0
55.03333333333333,1787.0,960.0,734.0,723.0
55.06666666666667,1789.0,959.0,734.0,723.0
55.1,1792.0,959.0,733.0,724.0
55.13333333333333,1793.0,958.0,734.0,724.0
55.16666666666666,1796.0,958.0,733.0,723.0
55.2,1798.0,958.0,734.0,724.0
55.23333333333333,1800.0,957.0,734.0,724.0
55.266666666666666,1802.0,955.0,734.0,723.0
55.3,1804.0,955.0,734.0,723.0
55.333333333333336,1807.0,954.0,734.0,723.0
55.36666666666667,1809.0,954.0,734.0,726.0
55.4,1812.0,953.0,735.0,723.0
55.43333333333333,1815.0,952.0,735.0,724.0
55.46666666666667,1817.0,952.0,735.0,724.0
55.5,1819.0,951.0,735.0,723.0
55.53333333333333,1821.0,951.0,735.0,723.0
55.56666666666667,1824.0,951.0,736.0,722.0
55.6,1826.0,950.0,736.0,723.0
55.63333333333333,1828.0,951.0,736.0,722.0
55.66666666666666,1830.0,951.0,737.0,721.0
55.7,1832.0,951.0,736.0,721.0
55.73333333333333,1835.0,951.0,736.0,722.0
55.766666666666666,1837.0,952.0,735.0,722.0
55.8,1839.0,952.0,735.0,721.0
55.833333333333336,1841.0,952.0,735.0,721.0
55.86666666666667,1844.0,953.0,735.0,720.0
55.9,1846.0,952.0,734.0,723.0
55.93333333333333,1848.0,952.0,737.0,720.0
55.96666666666667,1851.0,952.0,735.0,720.0
56.0,1850.0,952.0,735.0,720.0
56.03333333333333,1840.0,970.0,735.0,719.0
56.06666666666667,1842.0,970.0,735.0,718.0
56.1,1844.0,970.0,735.0,719.0
56.13333333333333,1846.0,970.0,735.0,718.0
56.16666666666666,1848.0,971.0,735.0,718.0
56.2,1850.0,971.0,735.0,717.0
56.23333333333333,1850.0,972.0,735.0,717.0
56.266666666666666,1851.0,972.0,734.0,717.0
56.3,1849.0,973.0,734.0,716.0
56.333333333333336,1849.0,973.0,736.0,716.0
56.36666666666667,1848.0,973.0,735.0,717.0
56.4,1849.0,973.0,735.0,716.0
56.43333333333333,1848.0,973.0,734.0,716.0
56.46666666666667,1848.0,974.0,735.0,716.0
56.5,1846.0,973.0,734.0,715.0
56.53333333333333,1847.0,973.0,734.0,715.0
56.56666666666667,1846.0,973.0,734.0,714.0
56.6,1847.0,974.0,733.0,714.0
56.63333333333333,1846.0,974.0,735.0,714.0
56.66666666666666,1847.0,974.0,735.0,714.0
56.7,1844.0,974.0,734.0,713.0
56.73333333333333,1846.0,974.0,734.0,713.0
56.766666666666666,1846.0,974.0,734.0,713.0
56.8,1843.0,974.0,735.0,713.0
56.833333333333336,1846.0,973.0,734.0,711.0
56.86666666666667,1844.0,973.0,734.0,712.0